PC1,PC2,PC3,PC4,PC5,genus,era,length,organism,cluster
0.8079226439220599,0.5374495716443765,0.008439023253395938,-0.09991421590663381,2.0068168801153137,Bacillus,2021-2025,383,Bacillus pumilus,2
0.9284634137056202,0.4416685632023583,0.02214419426306315,-0.12063272781564312,1.6893310459407125,Bacillus,2021-2025,379,Bacillus licheniformis,2
0.9981757078038089,0.5565239998998585,0.03474012245988566,-0.11767153126454602,1.694729183090231,Bacillus,2021-2025,397,Bacillus sp. (in: firmicutes),2
0.5376214064997112,-0.19920115473029856,-0.04783910515153169,-0.13753403757501995,1.6592788363762108,Bacillus,2021-2025,285,Bacillus sp. (in: firmicutes),2
1.0252812792487191,0.30685814854034205,0.031574526794651205,-0.1423643519123539,1.3700120903918565,Bacillus,2021-2025,369,Bacillus subtilis,2
1.001462424814026,0.2676816445975014,0.02728462877978813,-0.14338261203569003,1.3681723000917931,Bacillus,2021-2025,363,Bacillus velezensis,2
1.0646135038226932,0.37159142580485865,0.03866693354065017,-0.14068688121780032,1.3730529783843237,Bacillus,2021-2025,379,Bacillus licheniformis,2
0.7310712042345444,-0.1756693797441685,-0.021128188548051163,-0.15507656241131387,1.3473826112960146,Bacillus,2021-2025,298,Bacillus subtilis,2
0.669311332057748,-0.2765594554593971,-0.032108310956036216,-0.15778420963111603,1.3426600554174737,Bacillus,2021-2025,284,Bacillus licheniformis,2
-0.03935783261521426,-1.4228597243729166,-0.15574361150072685,-0.18996320239175485,1.2892583030467875,Bacillus,2021-2025,149,Bacillus thuringiensis,0
1.21247705369224,0.32080210984745133,0.05730386441793924,-0.16024241863701255,1.057681185448122,Bacillus,2021-2025,382,Bacillus velezensis,2
1.21247705369224,0.32080210984745133,0.05730386441793924,-0.16024241863701255,1.057681185448122,Bacillus,2021-2025,382,Bacillus sp. (in: firmicutes),2
0.7421783800502901,-0.44986178454149556,-0.02680475805123168,-0.18062773161814816,1.021553565522797,Bacillus,2021-2025,270,Bacillus cereus group sp.,0
0.8541079723142788,-0.2671804160967275,-0.006939351499625458,-0.1757044374384378,1.0301009730400015,Bacillus,2021-2025,295,Bacillus cereus group sp.,2
1.2704758880379545,0.4163697251048591,0.06778560101505968,-0.15777983806886034,1.0621730479774536,Bacillus,2021-2025,397,Bacillus cereus group sp.,2
1.2704758880379545,0.4163697251048591,0.06778560101505968,-0.15777983806886034,1.0621730479774536,Bacillus,2021-2025,397,Bacillus cereus group sp.,2
1.2704758880379545,0.4163697251048591,0.06778560101505968,-0.15777983806886034,1.0621730479774536,Bacillus,2021-2025,397,Bacillus cereus group sp.,2
1.2704758880379545,0.4163697251048591,0.06778560101505968,-0.15777983806886034,1.0621730479774536,Bacillus,2021-2025,397,Bacillus cereus group sp.,2
1.2704758880379545,0.4163697251048591,0.06778560101505968,-0.15777983806886034,1.0621730479774536,Bacillus,2021-2025,397,Bacillus cereus group sp.,2
1.2704758880379545,0.4163697251048591,0.06778560101505968,-0.15777983806886034,1.0621730479774536,Bacillus,2021-2025,397,Bacillus cereus group sp.,2
1.2704758880379545,0.4163697251048591,0.06778560101505968,-0.15777983806886034,1.0621730479774536,Bacillus,2021-2025,397,Bacillus cereus group sp.,2
1.2704758880379545,0.4163697251048591,0.06778560101505968,-0.15777983806886034,1.0621730479774536,Bacillus,2021-2025,397,Bacillus cereus group sp.,2
0.5761775854158832,-0.7198722164110006,-0.05607587753920724,-0.18801927455831008,1.0089408515613818,Bacillus,2021-2025,235,Bacillus cereus group sp.,0
0.6320363618316317,-0.9201362000335346,-0.05362563033170596,-0.2116887694750069,0.686590790213595,Bacillus,2021-2025,219,Bacillus sp. (in: firmicutes),0
0.9726726586050805,-0.36599088564885646,0.00645567003837418,-0.19652897050468324,0.7124777930860571,Bacillus,2021-2025,291,Bacillus sp. (in: firmicutes),2
1.2975814594828645,0.16670387374534287,0.06462000534982523,-0.1824726587166682,0.737455955279079,Bacillus,2021-2025,369,Bacillus mojavensis,2
1.3290829183299355,0.21854519401102177,0.07029953065235445,-0.1811287678953562,0.739891145520633,Bacillus,2021-2025,377,Bacillus licheniformis,2
1.3290829183299355,0.21854519401102177,0.07029953065235445,-0.1811287678953562,0.739891145520633,Bacillus,2021-2025,377,Bacillus paralicheniformis,2
1.2975814594828645,0.16670387374534287,0.06462000534982523,-0.1824726587166682,0.737455955279079,Bacillus,2021-2025,369,Bacillus tequilensis,2
1.2296455712426833,0.05501522836860236,0.05239480200515081,-0.18538182607797007,0.7322119994690124,Bacillus,2021-2025,352,Bacillus pumilus,2
1.2975814594828645,0.16670387374534287,0.06462000534982523,-0.1824726587166682,0.737455955279079,Bacillus,2021-2025,369,Bacillus tequilensis,2
1.3564145893767858,0.263550516901568,0.07523268597053528,-0.17996531638626154,0.7420058047167017,Bacillus,2021-2025,384,Bacillus pumilus,2
0.41986614212026696,-1.5517042436691357,-0.0974710585367469,-0.24774777408305199,0.34419878947774546,Bacillus,2016-2020,157,Bacillus sp. (in: firmicutes),0
0.4446360468563901,-1.511956616733081,-0.0932157218632677,-0.24659193039205504,0.34604325368926425,Bacillus,2016-2020,161,Bacillus sp. (in: firmicutes),0
0.45687564131950226,-1.4923056461366753,-0.09111086768270517,-0.2460218073128297,0.3469553828338826,Bacillus,2016-2020,163,Bacillus sp. (in: firmicutes),0
0.4507677088891223,-1.5021129419434551,-0.09216143257342366,-0.2463062322801742,0.3465001429131483,Bacillus,2016-2020,162,Bacillus sp. (in: firmicutes),0
1.4808770753946559,0.17422519641749187,0.08964529173464539,-0.20051669855959295,0.42482325961239686,Bacillus,2016-2020,381,Bacillus subtilis,2
1.609213864290984,0.09128287621486028,0.10475789065099819,-0.22090349482642893,0.10794070815876927,Bacillus,2016-2020,379,Bacillus sp. LCB12,2
1.7453639544080566,0.02120573881736073,0.12128062992858521,-0.2409576482285861,-0.20833735939761935,Bacillus,2016-2020,379,Bacillus licheniformis,2
1.7539925752320127,-0.25856024238131264,0.11484738682527082,-0.26646868195604834,-0.5344615305945691,Bacillus,2016-2020,347,Bacillus thuringiensis,2
2.663035904260293,-0.5275630188946839,0.23055982823725146,-0.38284535539513276,-2.425019219083656,Bacillus,2006-2015,370,Bacillus licheniformis,2
2.6511614326183444,-0.5470976817558079,0.22842036556340917,-0.3833526100145085,-2.4259366846800967,Bacillus,2006-2015,367,Bacillus cereus,2
3.007662465427885,-0.8427353969403266,0.2686401709250266,-0.44573963448449844,-3.37878085055763,Bacillus,2006-2015,354,Bacillus subtilis,2
2.033273454975714,-0.09324466493312003,0.15714367675167898,-0.28040159652604824,-0.8396857278921835,Bacillus,2016-2020,383,Bacillus pumilus,2
2.033273454975714,-0.09324466493312003,0.15714367675167898,-0.28040159652604824,-0.8396857278921835,Bacillus,2016-2020,383,Bacillus pumilus,2
2.0019849533811405,-0.144759508247334,0.15149757543127998,-0.28173406172975135,-0.8421061167450724,Bacillus,2016-2020,375,Bacillus subtilis,2
2.0019849533811405,-0.144759508247334,0.15149757543127998,-0.28173406172975135,-0.8421061167450724,Bacillus,2016-2020,375,Bacillus subtilis,2
2.165527684511748,-0.16973785193504573,0.1729630393610483,-0.30062149245211267,-1.156265287446598,Bacillus,2006-2015,382,Bacillus amyloliquefaciens,2
3.0491078516439445,-0.5973461365505264,-2.9843147446465648,8.842475713984847,-1.4243782729154137,Bacillus,2006-2015,383,Bacillus tequilensis,2
2.153814224759274,-0.18902567337513806,0.1708488477613462,-0.30112010843505754,-1.1571715620667848,Bacillus,2006-2015,379,Bacillus licheniformis,2
2.153814224759274,-0.18902567337513806,0.1708488477613462,-0.30112010843505754,-1.1571715620667848,Bacillus,2006-2015,379,Bacillus licheniformis,2
2.222826923221233,-0.3695673103276639,0.17527170901320138,-0.3240405881281326,-1.4786380866973918,Bacillus,2006-2015,362,Bacillus subtilis,2
2.2899643148763467,-0.2591028107726377,0.1873715870389332,-0.3211742618372147,-1.4734496296231734,Bacillus,2006-2015,379,Bacillus licheniformis,2
2.562264495110492,-0.3992570855676369,0.22041706559410723,-0.361282568641529,-2.106005764735951,Bacillus,2006-2015,379,Bacillus licheniformis,2
2.5790098693913728,-0.6656926724700387,0.2154415901669014,-0.3864446786349243,-2.431504360880342,Bacillus,2006-2015,349,Bacillus licheniformis,2
2.4378278647458935,-0.30989212673004496,0.20600851791622232,-0.340729799256427,-1.7888214225593753,Bacillus,2006-2015,382,Bacillus velezensis,2
2.6984145852275647,-0.4693342229651365,0.23693980487169425,-0.3813367220436862,-2.4222838322923397,Bacillus,2006-2015,379,Bacillus sp. MKR1,2
2.9863240857952227,-0.5837846267156171,0.272802851694788,-0.42078067034114836,-3.053632200786904,Bacillus,2006-2015,383,Bacillus pumilus,2
2.85017399567815,-0.5137074893181176,0.256280112417201,-0.4007265169389912,-2.7373541332305154,Bacillus,2006-2015,383,Bacillus pumilus,2
2.8345646753446374,-0.539411360362636,0.2534625441492812,-0.40139087544584334,-2.738561899848728,Bacillus,2006-2015,379,Bacillus licheniformis,2
3.6514652160470735,-0.9598741847476336,0.35259897981480326,-0.5217157958587864,-4.63623030518706,Bacillus,1990-2005,379,Bacillus mojavensis,2
4.876816027100729,-1.5905684213251297,0.5013036333130862,-0.7022031764782007,-7.482732913194558,Bacillus,1990-2005,379,Bacillus licheniformis,2
3.106864855578783,-0.6795656351576352,0.28650802270445525,-0.44149918225015766,-3.3711180349615053,Bacillus,2006-2015,379,Bacillus licheniformis,2
3.6514652160470735,-0.9598741847476336,0.35259897981480326,-0.5217157958587864,-4.63623030518706,Bacillus,1990-2005,379,Bacillus licheniformis,2
3.515315125930001,-0.8897970473501341,0.33607624053721624,-0.5016616424566291,-4.319952237630671,Bacillus,1990-2005,379,Bacillus licheniformis,2
3.515315125930001,-0.8897970473501341,0.33607624053721624,-0.5016616424566291,-4.319952237630671,Bacillus,1990-2005,379,Bacillus licheniformis,2
-1.59862978328116,0.6226237262814643,-0.1476829482586407,0.01724313876997585,-0.24338111779564092,Ectobacillus,2021-2025,230,Ectobacillus sp. JY-23,1
-0.9103880977438406,1.7482501443298026,-0.02504781077998115,0.047287461131605917,-0.19066202260011755,Ectobacillus,2021-2025,389,Ectobacillus sp. JY-23,1
-1.5787985855918694,0.6548000026205248,-0.14420274957245252,0.018134010136537034,-0.2418799136593051,Ectobacillus,2021-2025,234,Ectobacillus sp. JY-23,1
-1.3805511566547692,0.9773507072426455,-0.10922706340506001,0.026952703004441882,-0.22681093071595532,Ectobacillus,2021-2025,276,Ectobacillus sp. JY-23,1
-1.1425095548162716,1.3666732311654095,-0.06681072164526047,0.03734381460448224,-0.20857681062148625,Ectobacillus,2021-2025,331,Ectobacillus sp. JY-23,1
-0.8872511903091387,1.7863811803441876,-0.02086494543986465,0.04826913332210533,-0.1888696303692794,Ectobacillus,2021-2025,395,Ectobacillus sp. JY-23,1
-1.6903103230103278,0.474089578112362,-0.16372682782031162,0.013103298283650916,-0.25030613669283586,Ectobacillus,2021-2025,212,Ectobacillus sp. JY-23,1
-0.9965367170709657,1.60642298572129,-0.040591106988672625,0.043617535470706896,-0.19732540654634256,Ectobacillus,2021-2025,367,Ectobacillus sp. JY-23,1
-2.202790737571735,-0.349268481825348,-0.2519742342965948,-0.010713684825301766,-0.2885362809146523,Ectobacillus,2021-2025,127,Ectobacillus sp. JY-23,1
-2.2842124128703656,-0.47897100061133746,-0.2657645629046454,-0.014606066836917016,-0.29453326959116183,Ectobacillus,2021-2025,116,Ectobacillus sp. JY-23,1
-2.7027106369079026,-1.140953913969145,-0.3356766248259863,-0.03506857634327739,-0.32503342769831217,Ectobacillus,2021-2025,70,Ectobacillus sp. JY-23,1
-2.5971164229177854,-0.9746368115523073,-0.3181842926292823,-0.029836006471785713,-0.31738706397037797,Ectobacillus,2021-2025,80,Ectobacillus sp. JY-23,1
-1.2697760136189933,1.1582622319266194,-0.08954284951029712,0.03181405848389287,-0.21834376208012474,Ectobacillus,2021-2025,301,Ectobacillus sp. JY-23,1
-2.0925029109873066,-0.17309508212152142,-0.23319374144786958,-0.005488965457766998,-0.280379408394906,Ectobacillus,2021-2025,143,Ectobacillus sp. JY-23,1
-0.40174146808885786,2.5901204459719747,0.06765320780260867,0.06851841772694972,-0.15100907400911856,Ectobacillus,2021-2025,529,Ectobacillus sp. JY-23,1
-2.5674323912196577,-0.9277989655128965,-0.3132495909575448,-0.028373230401043385,-0.3152317620605274,Ectobacillus,2021-2025,83,Ectobacillus sp. JY-23,1
-1.39417217593451,0.955138476270136,-0.11164064953020812,0.02635174232335102,-0.22784978842328152,Ectobacillus,2021-2025,273,Ectobacillus sp. JY-23,1
-1.2741189895924516,1.1511607261165053,-0.09031640165603978,0.03162432725126143,-0.21867633040273582,Ectobacillus,2021-2025,300,Ectobacillus sp. JY-23,1
-1.8478871683255433,0.21965428591532946,-0.1911243043279113,0.005904045480300319,-0.2621490684023008,Ectobacillus,2021-2025,183,Ectobacillus sp. JY-23,1
-1.674736868798382,0.49929501545434574,-0.16100680390298125,0.013809011325509513,-0.24913157687658444,Ectobacillus,2021-2025,215,Ectobacillus sp. JY-23,1
-2.059723936279817,-0.12062559515784506,-0.22758945329926641,-0.0039466966547459185,-0.2779475675294828,Ectobacillus,2021-2025,148,Ectobacillus sp. JY-23,1
-2.669863227072655,-1.0892664089562667,-0.3302454258850253,-0.03343607818735909,-0.32265825823873995,Ectobacillus,2021-2025,73,Ectobacillus sp. JY-23,1
-1.2959391860872316,1.1154917400078745,-0.09420069199825014,0.030670020623048824,-0.22034649194651912,Ectobacillus,2021-2025,295,Ectobacillus sp. JY-23,1
-1.5640454117416895,0.6787478982318756,-0.14161146997273494,0.018795713361233948,-0.24076236663931416,Ectobacillus,2021-2025,237,Ectobacillus sp. JY-23,1
-1.6851054473419378,0.48251243072597927,-0.16281799913590392,0.013339272300766392,-0.2499136628623101,Ectobacillus,2021-2025,213,Ectobacillus sp. JY-23,1
-0.8988012745168542,1.7673438239583317,-0.022953494985940997,0.04777928279081411,-0.18976454972962908,Ectobacillus,2021-2025,392,Ectobacillus sp. JY-23,1
-1.4032947433551692,0.9402661054843552,-0.11325628132015156,0.025948854492731373,-0.2285452716063569,Ectobacillus,2021-2025,271,Ectobacillus sp. JY-23,1
-0.7402069846498657,2.0291037557477622,0.0057985674440825296,0.05447049890600888,-0.1774516200142554,Ectobacillus,2021-2025,434,Ectobacillus sp. JY-23,1
-0.769924763811056,1.9799969293742046,0.000398993527325841,0.053222306361175885,-0.17976283731769593,Ectobacillus,2021-2025,426,Ectobacillus sp. JY-23,1
-1.674736868798382,0.49929501545434574,-0.16100680390298125,0.013809011325509513,-0.24913157687658444,Ectobacillus,2021-2025,215,Ectobacillus sp. JY-23,1
-2.1192711056373215,-0.21590621401728377,-0.23776271292640805,-0.006752021728566574,-0.28236276182167397,Ectobacillus,2021-2025,139,Ectobacillus sp. JY-23,1
-1.9654716973161535,0.030520784762925728,-0.21141768673650388,0.0004609575529712553,-0.2709359470398607,Ectobacillus,2021-2025,163,Ectobacillus sp. JY-23,1
-0.8988012745168542,1.7673438239583317,-0.022953494985940997,0.04777928279081411,-0.18976454972962908,Ectobacillus,2021-2025,392,Ectobacillus sp. JY-23,1
-2.2842124128703656,-0.47897100061133746,-0.2657645629046454,-0.014606066836917016,-0.29453326959116183,Ectobacillus,2021-2025,116,Ectobacillus sp. JY-23,1
-2.0727475874787555,-0.14147857437281858,-0.2298173664412873,-0.004558886075183935,-0.2789141917821396,Ectobacillus,2021-2025,146,Ectobacillus sp. JY-23,1
-1.4917340025901473,0.7962575968671863,-0.12888335181810598,0.022026194551755137,-0.23527572238729222,Ectobacillus,2021-2025,252,Ectobacillus sp. JY-23,1
-1.7218360675584707,0.42309792366391163,-0.16922633459191283,0.011671546821758605,-0.2526815869651719,Ectobacillus,2021-2025,206,Ectobacillus sp. JY-23,1
-1.117706055256561,1.4073592584277013,-0.0623662819997308,0.03841490307034733,-0.2066685835106471,Ectobacillus,2021-2025,337,Ectobacillus sp. JY-23,1
-0.5271572264757409,2.381885995643886,0.044660059702422476,0.06334762867052035,-0.1608316780887974,Ectobacillus,2021-2025,493,Ectobacillus sp. JY-23,1
-1.454092035025355,0.8575127057833962,-0.12224006382966279,0.023699536958820985,-0.23241374200327392,Ectobacillus,2021-2025,260,Ectobacillus sp. JY-23,1
-1.3312283122049837,1.057843686000116,-0.10047469775019316,0.0291229132530765,-0.223044940352563,Ectobacillus,2021-2025,287,Ectobacillus sp. JY-23,1
-2.085887952694785,-0.16251048356573977,-0.23206359803537244,-0.005177337455302822,-0.27988892813010835,Ectobacillus,2021-2025,144,Ectobacillus sp. JY-23,1
-2.2540109011950706,-0.4308963763353788,-0.26065672681569957,-0.013158805675224643,-0.29231128677231827,Ectobacillus,2021-2025,120,Ectobacillus sp. JY-23,1
-1.917428949912575,0.10772094769729411,-0.2031419796808749,0.0026923243141229094,-0.2673510704735887,Ectobacillus,2021-2025,171,Ectobacillus sp. JY-23,1
-1.51078897083954,0.7652713294064506,-0.13224172004947818,0.021176969575035422,-0.23672297544425192,Ectobacillus,2021-2025,248,Ectobacillus sp. JY-23,1
-1.8030398658772613,0.2919556294136547,-0.18335012748001886,0.00796396970206214,-0.25878628815905375,Ectobacillus,2021-2025,191,Ectobacillus sp. JY-23,1
-0.9297826591417977,1.7162998104036697,-0.02855139380567642,0.04646329507738225,-0.1921635927134301,Ectobacillus,2021-2025,384,Ectobacillus sp. JY-23,1
-1.534837124968724,0.7261867431811573,-0.1364756919136183,0.02010312819662718,-0.23854798903692948,Ectobacillus,2021-2025,243,Ectobacillus sp. JY-23,1
-1.4032947433551692,0.9402661054843552,-0.11325628132015156,0.025948854492731373,-0.2285452716063569,Ectobacillus,2021-2025,271,Ectobacillus sp. JY-23,1
-1.3401255716676537,1.0433167265793042,-0.10205496709498235,0.02873211368215239,-0.22372476372308714,Ectobacillus,2021-2025,285,Ectobacillus sp. JY-23,1
0.10586885982728456,3.436610312777414,0.1614783886406646,0.08908787086959943,-0.11099815710775918,Ectobacillus,2021-2025,683,Ectobacillus sp. JY-23,1
-2.5290957997054373,-0.8672527487713447,-0.30686494104809886,-0.026489504595072703,-0.3124443583550732,Ectobacillus,2021-2025,87,Ectobacillus sp. JY-23,1
-0.2657937574796671,2.816274840556581,0.09266702310710948,0.07408115349951677,-0.14033160089009866,Ectobacillus,2021-2025,569,Ectobacillus sp. JY-23,1
-3.206330096485098,-1.5957725476819902,11.48666790936637,4.085949971931685,-0.08948128398427221,Ectobacillus,2021-2025,100,Ectobacillus sp. JY-23,1
-2.6276658767696794,-1.022801404547638,-0.3232548236952449,-0.031345214314554,-0.31960251621325086,Ectobacillus,2021-2025,77,Ectobacillus sp. JY-23,1
-2.6806929419635073,-1.1063124962345718,-0.3320370821014955,-0.03397383700548013,-0.3234416811002744,Ectobacillus,2021-2025,72,Ectobacillus sp. JY-23,1
-2.034014448746807,-0.07943752830448382,-0.2231866475997514,-0.0027404423126756814,-0.27603779852089017,Ectobacillus,2021-2025,152,Ectobacillus sp. JY-23,1
-2.404490668387797,-0.6700169117460814,-0.2860211544828196,-0.02041007317418158,-0.3033538032870638,Ectobacillus,2021-2025,101,Ectobacillus sp. JY-23,1
-0.841407337210637,1.8619840937551386,-0.012566697948763689,0.0502094093233088,-0.18531472998625098,Ectobacillus,2021-2025,407,Ectobacillus sp. JY-23,1
-1.7324608785542512,0.4059225183629292,-0.17107774591892905,0.01118806037125849,-0.25348148214062693,Ectobacillus,2021-2025,204,Ectobacillus sp. JY-23,1
-0.7624748913404762,1.992304952894845,0.0017520931636789883,0.05353545048665336,-0.1791836131855984,Ectobacillus,2021-2025,428,Ectobacillus sp. JY-23,1
-1.0164209561168582,1.573721944956935,-0.04417154570611937,0.042767097150611326,-0.19886101123280386,Ectobacillus,2021-2025,362,Ectobacillus sp. JY-23,1
-1.3267911106202184,1.0650896456382575,-0.09968635674372091,0.029317699893735307,-0.222705822969618,Ectobacillus,2021-2025,288,Ectobacillus sp. JY-23,1
-2.5290957997054373,-0.8672527487713447,-0.30686494104809886,-0.026489504595072703,-0.3124443583550732,Ectobacillus,2021-2025,87,Ectobacillus sp. JY-23,1
-1.917428949912575,0.10772094769729411,-0.2031419796808749,0.0026923243141229094,-0.2673510704735887,Ectobacillus,2021-2025,171,Ectobacillus sp. JY-23,1
-1.7060088560720095,0.44869238697436736,-0.16646648306359782,0.01239087449073178,-0.25148938999403314,Ectobacillus,2021-2025,209,Ectobacillus sp. JY-23,1
-1.613626895977494,0.5983018569739728,-0.1503125144512736,0.016568347698100973,-0.24451561955011542,Ectobacillus,2021-2025,227,Ectobacillus sp. JY-23,1
-0.8834092302540547,1.7927145970296146,-0.020170028545593032,0.04843198396611061,-0.18857188467538033,Ectobacillus,2021-2025,396,Ectobacillus sp. JY-23,1
-1.0727440689420313,1.4811667655561231,-0.054298360019244686,0.04035114383958662,-0.2032056903905567,Ectobacillus,2021-2025,348,Ectobacillus sp. JY-23,1
-2.971075569701358,-1.5616867694787813,-0.37972714840379884,-0.04855808051581244,-0.344330866997302,Ectobacillus,2021-2025,49,Ectobacillus sp. JY-23,1
-1.7538917217322811,0.3712938842080892,-0.17480901152865863,0.010211364561294423,-0.25509386809550827,Ectobacillus,2021-2025,200,Ectobacillus sp. JY-23,1
-2.5385530309007343,-0.882194731645569,-0.30844118374858726,-0.02695362669175779,-0.3131323880596425,Ectobacillus,2021-2025,86,Ectobacillus sp. JY-23,1
-2.3549432003556747,-0.5913968141514007,-0.2776931093232517,-0.0180114172337272,-0.29972577048667365,Ectobacillus,2021-2025,107,Ectobacillus sp. JY-23,1
-2.5772347962204676,-0.943270121685649,-0.3148800092400901,-0.02885587181963071,-0.31594378273789736,Ectobacillus,2021-2025,82,Ectobacillus sp. JY-23,1
-2.0404005234136444,-0.08967123377032683,-0.2242808673603182,-0.0030397902131318547,-0.27651237044979843,Ectobacillus,2021-2025,151,Ectobacillus sp. JY-23,1
-2.659148654167334,-1.072396841631994,-0.32847184138774616,-0.032904496986022554,-0.32188283820997843,Ectobacillus,2021-2025,74,Ectobacillus sp. JY-23,1
-0.9142586340718972,1.7418729184086021,-0.025747212766100935,0.04712307730869338,-0.19096175446033836,Ectobacillus,2021-2025,388,Ectobacillus sp. JY-23,1
-1.1675190010398895,1.3256714746278366,-0.07128748494980384,0.03626167665426271,-0.21049935185678476,Ectobacillus,2021-2025,325,Ectobacillus sp. JY-23,1
-1.1675190010398895,1.3256714746278366,-0.07128748494980384,0.03626167665426271,-0.21049935185678476,Ectobacillus,2021-2025,325,Ectobacillus sp. JY-23,1
-2.9860644636568487,-1.58510914160157,-0.3821715944412435,-0.04931898829459286,-0.3454033695926392,Ectobacillus,2021-2025,48,Ectobacillus sp. JY-23,1
-1.4728366468638852,0.8270022343507268,-0.12554972112487747,0.022866963275407378,-0.23383942403690378,Ectobacillus,2021-2025,256,Ectobacillus sp. JY-23,1
-2.1534589299590623,-0.27053555664091045,-0.2435881222802236,-0.00836987836328706,-0.28489252342220533,Ectobacillus,2021-2025,134,Ectobacillus sp. JY-23,1
-1.4869950815935868,0.8039661114669719,-0.1280476554663242,0.02223716909202261,-0.23491563428731643,Ectobacillus,2021-2025,253,Ectobacillus sp. JY-23,1
-1.664422344350116,0.5159947318321979,-0.15920409254695808,0.014275850231023368,-0.24835324786867452,Ectobacillus,2021-2025,217,Ectobacillus sp. JY-23,1
-2.079302981319438,-0.15197185685260822,-0.23093816111759205,-0.004867318315861105,-0.2794005320770985,Ectobacillus,2021-2025,145,Ectobacillus sp. JY-23,1
-0.4885018032121164,2.446025142315277,0.05173815650323168,0.06494550867955406,-0.15780711655761726,Ectobacillus,2021-2025,504,Ectobacillus sp. JY-23,1
0.1659288453749077,3.5371115979983627,0.17265128664403734,0.09148792134145162,-0.10624018040297101,Ectobacillus,2021-2025,702,Ectobacillus sp. JY-23,1
-2.6485461729931323,-1.0556991180286146,-0.3267158498673388,-0.03237892974871811,-0.32111520900899554,Ectobacillus,2021-2025,75,Ectobacillus sp. JY-23,1
-1.4822659328213763,0.8116596446281008,-0.12721349288081812,0.02244761933129868,-0.23455622539637927,Ectobacillus,2021-2025,254,Ectobacillus sp. JY-23,1
-1.1218259823869285,1.400599700616381,-0.0631048262720237,0.03823713889100657,-0.20698564903831151,Ectobacillus,2021-2025,336,Ectobacillus sp. JY-23,1
-2.002481196515389,-0.028877812769534737,-0.2177778775905456,-0.0012650092172510428,-0.27369254039599783,Ectobacillus,2021-2025,157,Ectobacillus sp. JY-23,1
-2.6276658767696794,-1.022801404547638,-0.3232548236952449,-0.031345214314554,-0.31960251621325086,Ectobacillus,2021-2025,77,Ectobacillus sp. JY-23,1
-0.9414702632410001,1.6970516273170932,-0.03066152731915332,0.045966066306207996,-0.19306807026134654,Ectobacillus,2021-2025,381,Ectobacillus sp. JY-23,1
-2.6173825350302966,-1.0065929419041468,-0.32154892162068344,-0.030836769598804527,-0.318857068491216,Ectobacillus,2021-2025,78,Ectobacillus sp. JY-23,1
-1.9293066270637833,0.08862481925482933,-0.20519003035921413,0.002141618882164178,-0.2682380449041258,Ectobacillus,2021-2025,169,Ectobacillus sp. JY-23,1
-2.06622137011678,-0.13103002128219504,-0.22870115106008282,-0.004252019215750991,-0.2784298793702237,Ectobacillus,2021-2025,147,Ectobacillus sp. JY-23,1
-1.3179393011766736,1.0795469273020823,-0.0981132208522856,0.029706060972742584,-0.22202915855888522,Ectobacillus,2021-2025,290,Ectobacillus sp. JY-23,1
-1.5493924177919711,0.7025422117129297,-0.13903591376897384,0.019452041717400472,-0.23965178252678832,Ectobacillus,2021-2025,240,Ectobacillus sp. JY-23,1
-0.9688936308831722,1.6519057277401497,-0.035609074564951056,0.04479769507626843,-0.1951891027409297,Ectobacillus,2021-2025,374,Ectobacillus sp. JY-23,1
-1.6388661064024515,0.557391306035538,-0.15473342451018848,0.015430603571011304,-0.24642341636312926,Ectobacillus,2021-2025,222,Ectobacillus sp. JY-23,1
-0.31299862560819275,2.737698507597326,0.08397133191482603,0.07215441375575443,-0.14404252523501726,Ectobacillus,2021-2025,555,Ectobacillus sp. JY-23,1
-2.7027106369079026,-1.140953913969145,-0.3356766248259863,-0.03506857634327739,-0.32503342769831217,Ectobacillus,2021-2025,70,Ectobacillus sp. JY-23,1
-1.2697760136189933,1.1582622319266194,-0.08954284951029712,0.03181405848389287,-0.21834376208012474,Ectobacillus,2021-2025,301,Ectobacillus sp. JY-23,1
-1.4681363593583612,0.8346515213626745,-0.12472008836143976,0.0230758650452465,-0.23348202112050181,Ectobacillus,2021-2025,257,Ectobacillus sp. JY-23,1
-1.8422181366021024,0.22878871914937696,-0.19014262560666415,0.006164922474579971,-0.26172433385235144,Ectobacillus,2021-2025,184,Ectobacillus sp. JY-23,1
-2.9860644636568487,-1.58510914160157,-0.3821715944412435,-0.04931898829459286,-0.3454033695926392,Ectobacillus,2021-2025,48,Ectobacillus sp. JY-23,1
-0.9807132823050946,1.6324551077472682,-0.03773993311738849,0.044293381680372605,-0.19610275811079325,Ectobacillus,2021-2025,371,Ectobacillus sp. JY-23,1
-1.1675190010398895,1.3256714746278366,-0.07128748494980384,0.03626167665426271,-0.21049935185678476,Ectobacillus,2021-2025,325,Ectobacillus sp. JY-23,1
-0.7513257355659998,2.010727660607764,0.0037777163495072343,0.05400379033956656,-0.17831655996973395,Ectobacillus,2021-2025,431,Ectobacillus sp. JY-23,1
-0.6090095470003958,2.2462018864523765,0.029699159372028886,0.05995148757112575,-0.16722716588768383,Ectobacillus,2021-2025,470,Ectobacillus sp. JY-23,1
-2.209987443075201,-0.36074493568882793,-0.25319568386633673,-0.011056524825006568,-0.28906719495887295,Ectobacillus,2021-2025,126,Ectobacillus sp. JY-23,1
-3.116458003432745,-1.788558283282516,-0.4033723903604125,-0.055968653340518024,-0.35471195864338373,Ectobacillus,2021-2025,40,Ectobacillus sp. JY-23,1
-1.3896235195597593,0.9625553031580844,-0.11083481551579596,0.026552508754771244,-0.22750292448253773,Ectobacillus,2021-2025,274,Ectobacillus sp. JY-23,1
-0.5377532924027749,2.364311209685975,0.04272124485470218,0.06290896328525808,-0.16166028932767973,Ectobacillus,2021-2025,490,Ectobacillus sp. JY-23,1
-1.1927420458448654,1.2843422579410493,-0.07579777289407014,0.03516807867775248,-0.21243673905569294,Ectobacillus,2021-2025,319,Ectobacillus sp. JY-23,1
-2.510423771729214,-0.8377404503298597,-0.30375050611705745,-0.025574267532858498,-0.3110851491163366,Ectobacillus,2021-2025,89,Ectobacillus sp. JY-23,1
-2.79609423591093,-1.2876644731611544,-0.351068651217341,-0.03973257794716744,-0.3317696764721893,Ectobacillus,2021-2025,62,Ectobacillus sp. JY-23,1
-1.454092035025355,0.8575127057833962,-0.12224006382966279,0.023699536958820985,-0.23241374200327392,Ectobacillus,2021-2025,260,Ectobacillus sp. JY-23,1
-2.83361016882227,-1.3465091196371877,-0.3572325823383055,-0.04161555247259378,-0.33446932713036215,Ectobacillus,2021-2025,59,Ectobacillus sp. JY-23,1
-0.11327615121016033,3.0704926263151364,0.12083300072742434,0.08027322706454035,-0.1283181693667519,Ectobacillus,2021-2025,615,Ectobacillus sp. JY-23,1
-2.465077073090971,-0.7660038468549891,-0.29617369355262324,-0.023357713134190584,-0.3077798007072502,Ectobacillus,2021-2025,94,Ectobacillus sp. JY-23,1
-2.160398282362174,-0.28161747190723774,-0.2447691798683517,-0.008698910812036728,-0.285405550387128,Ectobacillus,2021-2025,133,Ectobacillus sp. JY-23,1
-2.748276865135405,-1.212583621536553,-0.3431959778060209,-0.03734018780972128,-0.3283233203382616,Ectobacillus,2021-2025,66,Ectobacillus sp. JY-23,1
-2.0404005234136444,-0.08967123377032683,-0.2242808673603182,-0.0030397902131318547,-0.27651237044979843,Ectobacillus,2021-2025,151,Ectobacillus sp. JY-23,1
-0.7107024767859546,2.07788362371932,0.011164668088877039,0.05570724898405054,-0.17515522592686017,Ectobacillus,2021-2025,442,Ectobacillus sp. JY-23,1
-1.959387205979641,0.0402921438886341,-0.21037080096304178,0.000744124854884223,-0.27048233636977165,Ectobacillus,2021-2025,164,Ectobacillus sp. JY-23,1
-2.465077073090971,-0.7660038468549891,-0.29617369355262324,-0.023357713134190584,-0.3077798007072502,Ectobacillus,2021-2025,94,Ectobacillus sp. JY-23,1
-0.9026594390606497,1.7609855647657229,-0.023650955200690185,0.04761556274090977,-0.19006342170090418,Ectobacillus,2021-2025,391,Ectobacillus sp. JY-23,1
1.4800135077554881,5.749464692308998,0.4198931177333602,0.1426890500125864,-0.0012075650405238773,Ectobacillus,2021-2025,1148,Ectobacillus sp. JY-23,2
-1.2828258640498933,1.136925638962934,-0.09186678976908884,0.031243742248015596,-0.21934292124689447,Ectobacillus,2021-2025,298,Ectobacillus sp. JY-23,1
-1.0686882802979367,1.487827995007059,-0.0535698823851804,0.04052546685029106,-0.2028930827465878,Ectobacillus,2021-2025,349,Ectobacillus sp. JY-23,1
-0.10018790485593154,3.0923315313276323,0.12325488239324711,0.08080232449475225,-0.12728562756658646,Ectobacillus,2021-2025,619,Ectobacillus sp. JY-23,1
-1.7165458042093074,0.4316516809984746,-0.16830410417413919,0.011912102072795855,-0.2522831783461592,Ectobacillus,2021-2025,207,Ectobacillus sp. JY-23,1
-2.3309135557969545,-0.5532275016041822,-0.27364587277650393,-0.016852011273700264,-0.2979634713073317,Ectobacillus,2021-2025,110,Ectobacillus sp. JY-23,1
-1.2697760136189933,1.1582622319266194,-0.08954284951029712,0.03181405848389287,-0.21834376208012474,Ectobacillus,2021-2025,301,Ectobacillus sp. JY-23,1
-2.202790737571735,-0.349268481825348,-0.2519742342965948,-0.010713684825301766,-0.2885362809146523,Ectobacillus,2021-2025,127,Ectobacillus sp. JY-23,1
-2.2540109011950706,-0.4308963763353788,-0.26065672681569957,-0.013158805675224643,-0.29231128677231827,Ectobacillus,2021-2025,120,Ectobacillus sp. JY-23,1
-1.101281208692702,1.4343133828183783,-0.05942071558274498,0.03912301632491868,-0.20540413452749773,Ectobacillus,2021-2025,341,Ectobacillus sp. JY-23,1
-2.139683500534188,-0.24853005380674473,-0.24124221634061116,-0.00771735441356892,-0.28387364754824185,Ectobacillus,2021-2025,136,Ectobacillus sp. JY-23,1
-2.5871287247664805,-0.9588815892480108,-0.3165247922897588,-0.02934342367454946,-0.31666216467110003,Ectobacillus,2021-2025,81,Ectobacillus sp. JY-23,1
-1.814145393587161,0.27404325495335236,-0.18527698806586054,0.007454691759188137,-0.25961959508658583,Ectobacillus,2021-2025,189,Ectobacillus sp. JY-23,1
-2.0404005234136444,-0.08967123377032683,-0.2242808673603182,-0.0030397902131318547,-0.27651237044979843,Ectobacillus,2021-2025,151,Ectobacillus sp. JY-23,1
-2.5012053963579612,-0.8231646485570495,-0.3022117522210166,-0.02512296056821136,-0.3104137208556963,Ectobacillus,2021-2025,90,Ectobacillus sp. JY-23,1
-2.1885121764345685,-0.32649164622045723,-0.24954936102826442,-0.010034166770033487,-0.28748243535575896,Ectobacillus,2021-2025,129,Ectobacillus sp. JY-23,1
-1.8197242630022576,0.2650470462466227,-0.18624451566829123,0.007198652167935632,-0.26003806299215904,Ectobacillus,2021-2025,188,Ectobacillus sp. JY-23,1
-1.9777112917792656,0.0108698141665202,-0.2135225409170664,-0.00010916552625411281,-0.271848076184479,Ectobacillus,2021-2025,161,Ectobacillus sp. JY-23,1
-0.9026594390606497,1.7609855647657229,-0.023650955200690185,0.04761556274090977,-0.19006342170090418,Ectobacillus,2021-2025,391,Ectobacillus sp. JY-23,1
-1.440131011206446,0.8802461852418357,-0.11977311344709637,0.02431873961948419,-0.23135125260802392,Ectobacillus,2021-2025,263,Ectobacillus sp. JY-23,1
-1.0931012543996736,1.4477406679979576,-0.0579530284341049,0.039475330920660544,-0.20477416676171512,Ectobacillus,2021-2025,343,Ectobacillus sp. JY-23,1
-0.8719072709225144,1.8116781749332678,-0.018089032275972135,0.04891925249361372,-0.18768031018818432,Ectobacillus,2021-2025,399,Ectobacillus sp. JY-23,1
-1.9472874185777562,0.05972878140829472,-0.20828788972483672,0.0013067469826187252,-0.26957992438024947,Ectobacillus,2021-2025,166,Ectobacillus sp. JY-23,1
-2.859487531681984,-1.3870676526607888,-0.36147790612879627,-0.042917371349504005,-0.33632933622832767,Ectobacillus,2021-2025,57,Ectobacillus sp. JY-23,1
-1.51078897083954,0.7652713294064506,-0.13224172004947818,0.021176969575035422,-0.23672297544425192,Ectobacillus,2021-2025,248,Ectobacillus sp. JY-23,1
-1.8765157908239818,0.17354755166764804,-0.19607718804467314,0.0045844520580278405,-0.2642924430360149,Ectobacillus,2021-2025,178,Ectobacillus sp. JY-23,1
-2.0727475874787555,-0.14147857437281858,-0.2298173664412873,-0.004558886075183935,-0.2789141917821396,Ectobacillus,2021-2025,146,Ectobacillus sp. JY-23,1
-1.3135245899135026,1.0867584078532453,-0.0973284097378375,0.02989964095896055,-0.2216916043440747,Ectobacillus,2021-2025,291,Ectobacillus sp. JY-23,1
-0.3674378639130698,2.6471445297790086,0.07395636451669887,0.06992609205112194,-0.14831769543269469,Ectobacillus,2021-2025,539,Ectobacillus sp. JY-23,1
-2.276594867660984,-0.4668493728332259,-0.2644770618684929,-0.014240647875950925,-0.2939731054886318,Ectobacillus,2021-2025,117,Ectobacillus sp. JY-23,1
-0.03837145655974082,3.1955255851525615,0.1347034600404549,0.08329661299547705,-0.12240556961069105,Ectobacillus,2021-2025,638,Ectobacillus sp. JY-23,1
-0.5377532924027749,2.364311209685975,0.04272124485470218,0.06290896328525808,-0.16166028932767973,Ectobacillus,2021-2025,490,Ectobacillus sp. JY-23,1
-1.1717077957722797,1.3188063384222644,-0.0720368381026226,0.03608021757898799,-0.21082120396077847,Ectobacillus,2021-2025,324,Ectobacillus sp. JY-23,1
-0.6850549697366689,2.1203070165687685,0.015833491168080974,0.056780341448777104,-0.1731576229268651,Ectobacillus,2021-2025,449,Ectobacillus sp. JY-23,1
-1.004476267189481,1.5933642553624274,-0.042021062316777234,0.04327811907935752,-0.19793866525158887,Ectobacillus,2021-2025,365,Ectobacillus sp. JY-23,1
-1.2654399503181852,1.1653531401718844,-0.08877038231960732,0.03200341883667198,-0.2180116742161664,Ectobacillus,2021-2025,302,Ectobacillus sp. JY-23,1
-1.4822659328213763,0.8116596446281008,-0.12721349288081812,0.02244761933129868,-0.23455622539637927,Ectobacillus,2021-2025,254,Ectobacillus sp. JY-23,1
-1.59862978328116,0.6226237262814643,-0.1476829482586407,0.01724313876997585,-0.24338111779564092,Ectobacillus,2021-2025,230,Ectobacillus sp. JY-23,1
-1.6036168680046095,0.6145347609758733,-0.1485575943051412,0.017018849708532926,-0.24375845427636528,Ectobacillus,2021-2025,229,Ectobacillus sp. JY-23,1
-2.2842124128703656,-0.47897100061133746,-0.2657645629046454,-0.014606066836917016,-0.29453326959116183,Ectobacillus,2021-2025,116,Ectobacillus sp. JY-23,1
-0.7811255471181751,1.9614950733849468,-0.001634732682504853,0.05275119657937249,-0.1806334788554771,Ectobacillus,2021-2025,423,Ectobacillus sp. JY-23,1
-0.9649627457228065,1.6583754722422657,-0.03490020073286676,0.044965316744678234,-0.1948851763932613,Ectobacillus,2021-2025,375,Ectobacillus sp. JY-23,1
-1.2697760136189933,1.1582622319266194,-0.08954284951029712,0.03181405848389287,-0.21834376208012474,Ectobacillus,2021-2025,301,Ectobacillus sp. JY-23,1
-1.5542657729327145,0.6946276010584147,-0.13989270977517065,0.01923385449427289,-0.2400212143424374,Ectobacillus,2021-2025,239,Ectobacillus sp. JY-23,1
-1.458764126017535,0.849906645811667,-0.12306527110513475,0.02349214799296292,-0.23276918514818135,Ectobacillus,2021-2025,259,Ectobacillus sp. JY-23,1
-2.4829954130634815,-0.7943606938670328,-0.29916983594338975,-0.024232513203412652,-0.30908662558741573,Ectobacillus,2021-2025,92,Ectobacillus sp. JY-23,1
-1.4124513979829967,0.9253414768517542,-0.1148772631518987,0.02554413780965475,-0.22924312398792573,Ectobacillus,2021-2025,269,Ectobacillus sp. JY-23,1
-1.6388661064024515,0.557391306035538,-0.15473342451018848,0.015430603571011304,-0.24642341636312926,Ectobacillus,2021-2025,222,Ectobacillus sp. JY-23,1
-2.06622137011678,-0.13103002128219504,-0.22870115106008282,-0.004252019215750991,-0.2784298793702237,Ectobacillus,2021-2025,147,Ectobacillus sp. JY-23,1
-2.5290957997054373,-0.8672527487713447,-0.30686494104809886,-0.026489504595072703,-0.3124443583550732,Ectobacillus,2021-2025,87,Ectobacillus sp. JY-23,1
-1.4822659328213763,0.8116596446281008,-0.12721349288081812,0.02244761933129868,-0.23455622539637927,Ectobacillus,2021-2025,254,Ectobacillus sp. JY-23,1
-1.9412715711457178,0.06939490508225586,-0.20725177772221168,0.001586231390455486,-0.2691310847386072,Ectobacillus,2021-2025,167,Ectobacillus sp. JY-23,1
0.8300675170276954,4.652393489718191,0.2970183237777873,0.11764233502536393,-0.053353504261687494,Ectobacillus,2021-2025,921,Ectobacillus sp. JY-23,2
-2.3388710108678565,-0.5658702327213948,-0.2749867232102661,-0.017235667134577935,-0.2985472605173068,Ectobacillus,2021-2025,109,Ectobacillus sp. JY-23,1
-2.0404005234136444,-0.08967123377032683,-0.2242808673603182,-0.0030397902131318547,-0.27651237044979843,Ectobacillus,2021-2025,151,Ectobacillus sp. JY-23,1
-1.2611107541368705,1.172433520688175,-0.0879989929343293,0.032192410753624244,-0.2176800636447324,Ectobacillus,2021-2025,303,Ectobacillus sp. JY-23,1
-1.8765157908239818,0.17354755166764804,-0.19607718804467314,0.0045844520580278405,-0.2642924430360149,Ectobacillus,2021-2025,178,Ectobacillus sp. JY-23,1
-0.769924763811056,1.9799969293742046,0.000398993527325841,0.053222306361175885,-0.17976283731769593,Ectobacillus,2021-2025,426,Ectobacillus sp. JY-23,1
-1.2697760136189933,1.1582622319266194,-0.08954284951029712,0.03181405848389287,-0.21834376208012474,Ectobacillus,2021-2025,301,Ectobacillus sp. JY-23,1
-0.7661981067331686,1.986153579295182,0.0010758134345064446,0.053378970750845266,-0.17947310564614027,Ectobacillus,2021-2025,427,Ectobacillus sp. JY-23,1
-1.004476267189481,1.5933642553624274,-0.042021062316777234,0.04327811907935752,-0.19793866525158887,Ectobacillus,2021-2025,365,Ectobacillus sp. JY-23,1
1.2572039253065743,5.372851050510212,0.37766150330460635,0.13415386114898417,-0.01912013338400919,Ectobacillus,2021-2025,1069,Ectobacillus sp. JY-23,2
-1.4681363593583612,0.8346515213626745,-0.12472008836143976,0.0230758650452465,-0.23348202112050181,Ectobacillus,2021-2025,257,Ectobacillus sp. JY-23,1
-1.235277291398114,1.2146985467160547,-0.08339289891691269,0.03331875897372196,-0.2157002499354329,Ectobacillus,2021-2025,309,Ectobacillus sp. JY-23,1
-1.5738695729856271,0.6627999396936014,-0.14333721803783192,0.018355183503176577,-0.24150661342513874,Ectobacillus,2021-2025,235,Ectobacillus sp. JY-23,1
-1.7112701134199242,0.44018309767623304,-0.16738416094298156,0.01215187547445406,-0.2518857825788744,Ectobacillus,2021-2025,208,Ectobacillus sp. JY-23,1
-3.214855277789791,-1.609285639061187,11.4852379533902,4.085535856329344,-0.09010453245916153,Ectobacillus,2021-2025,99,Ectobacillus sp. JY-23,1
-1.8478871683255433,0.21965428591532946,-0.1911243043279113,0.005904045480300319,-0.2621490684023008,Ectobacillus,2021-2025,183,Ectobacillus sp. JY-23,1
-1.4354955205997528,0.8877961345052605,-0.11895365066079361,0.02452416489542791,-0.23099835333764784,Ectobacillus,2021-2025,264,Ectobacillus sp. JY-23,1
-2.1192711056373215,-0.21590621401728377,-0.23776271292640805,-0.006752021728566574,-0.28236276182167397,Ectobacillus,2021-2025,139,Ectobacillus sp. JY-23,1
-2.3230072723457407,-0.5406632198198821,-0.27231305381047516,-0.0164711008809958,-0.2973832387314827,Ectobacillus,2021-2025,111,Ectobacillus sp. JY-23,1
-0.27251358029351985,2.805086029382792,0.09142850593458171,0.0738071781185431,-0.14086008362415825,Ectobacillus,2021-2025,567,Ectobacillus sp. JY-23,1
0.7771033215070609,4.56321394854582,0.2870510364983651,0.11557971021944045,-0.05758758095522242,Ectobacillus,2021-2025,903,Ectobacillus sp. JY-23,2
-2.4740005654166133,-0.7801275742483605,-0.2976661650819853,-0.023793198985074294,-0.3084307334059051,Ectobacillus,2021-2025,93,Ectobacillus sp. JY-23,1
1.5312501678784238,0.2572151692421247,0.09874632571253528,-0.19837669789048926,0.4287236743770221,Bacillus,2016-2020,394,Bacillus paranthracis,2
0.4870692768016126,-1.4437996478962392,-0.08591235266958493,-0.24461824755602404,0.34920753218724365,Bacillus,2016-2020,168,Bacillus paranthracis,0
1.099985881035,-0.45050239805159575,0.021407618557141756,-0.2169706833282712,0.3955240996313184,Bacillus,2016-2020,289,Bacillus paranthracis,2
1.1395214745857627,-0.38590079193666726,0.028440029284709848,-0.21523902261778535,0.3985484086268488,Bacillus,2016-2020,298,Bacillus paranthracis,2
1.2041605629427932,-0.280153246852278,0.039963964392619435,-0.21242017804702326,0.4035017956138055,Bacillus,2016-2020,313,Bacillus paranthracis,2
1.773668152228718,0.6576814513192039,0.14276869877569276,-0.1881835721953639,0.44756911033899394,Bacillus,2016-2020,459,Bacillus paranthracis,2
0.6684556169033746,-1.1515325466915118,-0.054502192474859934,-0.23627140030450655,0.36279746177823496,Bacillus,2016-2020,200,Bacillus paranthracis,0
0.6952062940288246,-1.108304821602719,-0.04984405529456139,-0.23505256271689393,0.36481031162807165,Bacillus,2016-2020,205,Bacillus paranthracis,0
1.3899330200918583,0.024602882167969096,0.0732574290576122,-0.20440063091173313,0.41779585954702125,Bacillus,2016-2020,358,Bacillus paranthracis,2
0.6248344930069647,-1.221954080834331,-0.06208391863358521,-0.23826553739251413,0.35951990589389643,Bacillus,2016-2020,192,Bacillus paranthracis,0
1.5642359304854712,-1.5595503370124915,-3.2096813137308153,8.907393812740372,0.09559386365788476,Bacillus,2016-2020,203,Bacillus paranthracis,0
0.5630660365342789,-1.3215269708167414,-0.07278964304461141,-0.2411034816685899,0.3548888952573498,Bacillus,2016-2020,181,Bacillus paranthracis,0
0.2963048912397944,-1.7495569892274911,-0.1186105819207664,-0.25355480490832444,0.3350272185051308,Bacillus,2016-2020,138,Bacillus paranthracis,0
2.1025729902334582,1.2035975673150556,0.20303086020460964,-0.1746053256459683,0.4733164366304018,Bacillus,2016-2020,553,Bacillus paranthracis,2
1.2631881663379527,-0.18345191217287662,0.05051525283575239,-0.20985912296220466,0.40803444778303327,Bacillus,2016-2020,327,Bacillus paranthracis,2
0.3755334520516953,-1.6227732051393755,-0.10507255104144825,-0.24982336706667513,0.34090249083389285,Bacillus,2016-2020,150,Bacillus paranthracis,0
1.337404727327155,-0.06169114914382737,0.0638181329410428,-0.20665626274151283,0.41374564966325794,Bacillus,2016-2020,345,Bacillus paranthracis,2
0.7681864519487044,-0.9902133374310343,-0.03710289105411896,-0.23174292287716405,0.37031272265720655,Bacillus,2016-2020,219,Bacillus paranthracis,0
-0.5487282310657022,-3.084513200378383,-0.2594203293500001,-0.29504084538161335,0.27356046287644126,Bacillus,2016-2020,49,Bacillus paranthracis,0
1.2169111617708466,-0.2592754255428696,0.042240936632671734,-0.2118659173074622,0.40448015558622785,Bacillus,2016-2020,316,Bacillus paranthracis,2
1.9652495737882145,0.9753341285809752,0.17780112566401102,-0.18024187101478437,0.4625433464026457,Bacillus,2016-2020,513,Bacillus paranthracis,2
0.2963048912397944,-1.7495569892274911,-0.1186105819207664,-0.25355480490832444,0.3350272185051308,Bacillus,2016-2020,138,Bacillus paranthracis,0
0.2688884086765939,-1.7933619875405116,-0.12328130322642492,-0.254852643229088,0.33299880645153795,Bacillus,2016-2020,134,Bacillus paranthracis,0
0.4136113121069874,-1.5617367427713202,-0.09854467923856472,-0.24804008042372475,0.3437333395820375,Bacillus,2016-2020,156,Bacillus paranthracis,0
1.2169111617708466,-0.2592754255428696,0.042240936632671734,-0.2118659173074622,0.40448015558622785,Bacillus,2016-2020,316,Bacillus paranthracis,2
1.1482283490432044,-0.3716657047830959,0.029990417397758918,-0.21485843761453952,0.3992149994710075,Bacillus,2016-2020,300,Bacillus paranthracis,2
0.6358379302073671,-1.2041982175889476,-0.06017308131685074,-0.23776173682648144,0.3603461171189232,Bacillus,2016-2020,194,Bacillus paranthracis,0
1.8845940462328812,0.8414847787863741,0.1630280639085009,-0.18357380158054287,0.4562310405460636,Bacillus,2016-2020,490,Bacillus paranthracis,2
-0.36156629277389063,-2.791373817477941,-0.228758151657348,-0.28560510584282006,0.2869989685439785,Bacillus,2016-2020,63,Bacillus paranthracis,0
1.2881281340117685,-0.14255667065118424,0.05498111137053662,-0.20878071268659,0.4099521599786656,Bacillus,2016-2020,333,Bacillus paranthracis,2
1.2084171030421815,-0.27318425270980007,0.04072395028937809,-0.21223508428615312,0.40382835629426433,Bacillus,2016-2020,314,Bacillus paranthracis,2
0.3819468152220118,-1.6124976646699278,-0.10397404830651949,-0.2495225550789328,0.3413789594239448,Bacillus,2016-2020,151,Bacillus paranthracis,0
0.3561259685188761,-1.653856452181796,-0.10839433200628411,-0.2507347840815519,0.3394614505035196,Bacillus,2016-2020,147,Bacillus paranthracis,0
1.3414761341082688,-0.05500597609997907,0.06454906186674667,-0.20648110178394696,0.4140593428307935,Bacillus,2016-2020,346,Bacillus paranthracis,2
0.18317587039210162,-1.9300861196270958,-0.13783700476328256,-0.2589319604987353,0.32667287151541297,Bacillus,2016-2020,122,Bacillus paranthracis,0
0.017856670247859016,-2.192843342645683,-0.16571433542902086,-0.26689283803998254,0.3145375265866795,Bacillus,2016-2020,101,Bacillus paranthracis,0
2.454858282471469,1.791122232658835,0.26815751777129776,-0.16033529190360038,0.5010880803703979,Bacillus,2016-2020,660,Bacillus paranthracis,2
1.353659058337719,-0.0349984358925424,0.06673693666861832,-0.20595729801550988,0.4149982471271556,Bacillus,2016-2020,349,Bacillus paranthracis,2
0.5284199442513832,-1.3773023159073619,-0.07877889339481094,-0.2427026465414185,0.35229656822195166,Bacillus,2016-2020,175,Bacillus paranthracis,0
0.13047132292064548,-2.013989668560048,-0.14675247370667988,-0.2614567217555221,0.32279469498848584,Bacillus,2016-2020,115,Bacillus paranthracis,0
-0.2368013155316783,-2.595223272531596,-0.2081650223339474,-0.2793872618518235,0.2960084916637649,Bacillus,2016-2020,74,Bacillus paranthracis,0
1.5196878995750063,0.23815913386612161,0.09665586385310854,-0.19886720212489117,0.4278279081728392,Bacillus,2016-2020,391,Bacillus paranthracis,2
1.195628258593077,-0.29412070697780085,0.03844097533779766,-0.2127913969860781,0.4028473380967979,Bacillus,2016-2020,311,Bacillus paranthracis,2
0.026259444030564058,-2.1795179097479256,-0.1643035915096365,-0.26648528986618525,0.31515226724468426,Bacillus,2016-2020,102,Bacillus paranthracis,0
2.096595468322004,-0.6932997597627764,-3.115740224043159,8.931065546605591,0.1360656781193861,Bacillus,2016-2020,316,Bacillus paranthracis,2
-0.033876103057221725,-2.2748136515863964,-0.1743853677540219,-0.2694087403391066,0.3107576062486848,Bacillus,2016-2020,95,Bacillus paranthracis,0
2.3450009211718683,1.607626687479968,0.24779011524327138,-0.16475789693543333,0.4924082756142907,Bacillus,2016-2020,626,Bacillus paranthracis,2
1.023618108647525,-0.5751176556908207,0.007859017480019012,-0.22033223952752093,0.38969409383713866,Bacillus,2016-2020,272,Bacillus paranthracis,2
0.3946920316065399,-1.5920715436545436,-0.10178983595492554,-0.24892530428904697,0.34232623133307893,Bacillus,2016-2020,153,Bacillus paranthracis,0
-0.3376622020728607,-2.7538404356113135,-0.22482253609513547,-0.2844091572889868,0.2887218272616677,Bacillus,2016-2020,65,Bacillus paranthracis,0
1.500335111239183,0.20627284068910087,0.09315883717647352,-0.19968912696390054,0.4263292414559649,Bacillus,2016-2020,386,Bacillus paranthracis,2
0.9211058668397862,-0.7420312836247509,-0.010252575506378323,-0.22488010895867416,0.38189337207563157,Bacillus,2016-2020,250,Bacillus paranthracis,0
-0.5194973499798536,-3.038813511586135,-0.25464866549853793,-0.2935591029921339,0.2756535550278284,Bacillus,2016-2020,51,Bacillus paranthracis,0
1.2380371974364932,-0.22467063193608786,0.046016277320074024,-0.21094885391046042,0.4061020701503589,Bacillus,2016-2020,321,Bacillus paranthracis,2
-0.46376765705344447,-2.9516025691356096,-0.24553414044291583,-0.29074219964260145,0.2796498494898711,Bacillus,2016-2020,55,Bacillus paranthracis,0
0.6898864600814044,-1.1169039125366718,-0.05077092686513036,-0.23529470449454246,0.3644098477331163,Bacillus,2016-2020,204,Bacillus paranthracis,0
-0.3028814575731634,-2.699189006148764,-0.21908789717963245,-0.2826729315430143,0.29123137128445653,Bacillus,2016-2020,68,Bacillus paranthracis,0
0.522575673889399,-1.386705401069529,-0.07978807610126878,-0.24297292546801472,0.35185965387926077,Bacillus,2016-2020,174,Bacillus paranthracis,0
0.8036972894007038,-0.9326688345775332,-0.030886002458202572,-0.23014064138407406,0.3729958669341969,Bacillus,2016-2020,226,Bacillus paranthracis,0
0.7630622958169486,-0.9985124418842339,-0.03799905067786594,-0.23197456611639644,0.3699258591603068,Bacillus,2016-2020,218,Bacillus paranthracis,0
1.028175162701146,-0.5676879546294652,0.008666169523590566,-0.22013102254244993,0.3900415414504618,Bacillus,2016-2020,273,Bacillus paranthracis,2
1.2881281340117685,-0.14255667065118424,0.05498111137053662,-0.20878071268659,0.4099521599786656,Bacillus,2016-2020,333,Bacillus paranthracis,2
2.7842550512304336,2.342670444987919,0.32950795467912414,-0.147206719335094,0.527207451414039,Bacillus,2016-2020,765,Bacillus paranthracis,2
-0.2915580387103148,-2.681386039422524,-0.21721875333339555,-0.2821086844380193,0.29204910856491456,Bacillus,2016-2020,69,Bacillus paranthracis,0
2.0148417892483512,-0.8270588506951755,-3.130317982018427,8.927501582513296,0.12979990214646367,Bacillus,2016-2020,297,Bacillus paranthracis,2
1.365795661359756,-0.015061909028897293,0.0689175412827378,-0.20543597948012723,0.4159339319126238,Bacillus,2016-2020,352,Bacillus paranthracis,2
2.550705909620814,0.053876895488256284,-3.033896625272525,8.95045248938682,0.17116029243716765,Bacillus,2016-2020,431,Bacillus paranthracis,2
0.7320370156253277,-1.048736852787239,-0.043420008766512926,-0.23337946658215003,0.3675851931809075,Bacillus,2016-2020,212,Bacillus paranthracis,0
0.6792016381449006,-1.1341713184093756,-0.052631757005485114,-0.23578141066192476,0.36360578155504275,Bacillus,2016-2020,202,Bacillus paranthracis,0
1.037264138735164,-0.5528670815662438,0.010276529091556788,-0.2197299369624426,0.3907346898965716,Bacillus,2016-2020,275,Bacillus paranthracis,2
1.1044080374589822,-0.443279503597519,0.022193598201513082,-0.21677670389305836,0.3958621713148581,Bacillus,2016-2020,290,Bacillus paranthracis,2
0.868081565702941,-0.8281988298411865,-0.019585890721371974,-0.22724891037152806,0.37787011553130595,Bacillus,2016-2020,239,Bacillus paranthracis,0
0.6026230756333981,-1.2577793846529783,-0.06593769661449253,-0.23928411269786531,0.35785326688158425,Bacillus,2016-2020,188,Bacillus paranthracis,0
1.3617552250115101,-0.02169960243826622,0.0681914732161153,-0.20560947880692454,0.4156223913151869,Bacillus,2016-2020,351,Bacillus paranthracis,2
0.7986619009735819,-0.940831852519203,-0.031768229848420856,-0.23036752204378746,0.3726151731510861,Bacillus,2016-2020,225,Bacillus paranthracis,0
2.21336406455486,1.3880811050070663,0.22345289538274388,-0.17008934605913054,0.48203042424878395,Bacillus,2016-2020,586,Bacillus paranthracis,2
0.9400814058142792,-0.7111667862715004,-0.006906673827019437,-0.22403514553450227,0.383335104477364,Bacillus,2016-2020,254,Bacillus paranthracis,0
1.6299894451457972,0.42011839831969483,0.11663340628788707,-0.19420437149497385,0.43638501572009125,Bacillus,2016-2020,420,Bacillus paranthracis,2
-0.45035688642513605,-2.9305995599922587,-0.24333738339125818,-0.290065961596665,0.2806126661437665,Bacillus,2016-2020,56,Bacillus paranthracis,0
0.6684556169033746,-1.1515325466915118,-0.054502192474859934,-0.23627140030450655,0.36279746177823496,Bacillus,2016-2020,200,Bacillus paranthracis,0
1.2211487603226658,-0.25233546999209916,0.04299794962317786,-0.21168183980162406,0.40480539975267177,Bacillus,2016-2020,317,Bacillus paranthracis,2
1.2881281340117685,-0.14255667065118424,0.05498111137053662,-0.20878071268659,0.4099521599786656,Bacillus,2016-2020,333,Bacillus paranthracis,2
0.11500273323003077,-2.0385908932840238,-0.14936412386397965,-0.2622000874188712,0.32165813764149637,Bacillus,2016-2020,113,Bacillus paranthracis,0
0.10719608785725757,-2.0510024235854902,-0.15068130447388653,-0.26257565201296956,0.3210848303142949,Bacillus,2016-2020,112,Bacillus paranthracis,0
0.3626234023558388,-1.6434520260574461,-0.10728263424546772,-0.25042946152054685,0.3399437623442605,Bacillus,2016-2020,148,Bacillus paranthracis,0
-0.24751588843699937,-2.6120928398558685,-0.2099386068312266,-0.27991884305316006,0.2952330716350033,Bacillus,2016-2020,73,Bacillus paranthracis,0
0.6026230756333981,-1.2577793846529783,-0.06593769661449253,-0.23928411269786531,0.35785326688158425,Bacillus,2016-2020,188,Bacillus paranthracis,0
1.4613110186022316,0.14201194919341117,0.08611479223189725,-0.2013500657129851,0.4233097698769161,Bacillus,2016-2020,376,Bacillus paranthracis,2
3.0509838298481293,2.7906060332628253,0.37945999329285385,-0.1367046799908728,0.5484490068297184,Bacillus,2016-2020,853,Bacillus paranthracis,2
1.4847772339263852,0.18064783505245216,0.09034934297311328,-0.20035072544132687,0.42512505033534487,Bacillus,2016-2020,382,Bacillus paranthracis,2
2.1733192980642926,1.321368558535205,0.2160648238301578,-0.17171848850988497,0.4788785837934159,Bacillus,2016-2020,574,Bacillus paranthracis,2
2.1632656420268312,1.3046253212806869,0.21421114108403877,-0.17212805243035614,0.4780876722313334,Bacillus,2016-2020,571,Bacillus paranthracis,2
1.3087556919465677,-0.10871607496690547,0.05867821517906873,-0.20789039369895881,0.4115394283283633,Bacillus,2016-2020,338,Bacillus paranthracis,2
1.8025535909737378,0.7055122471351448,0.14803763552996674,-0.18698003651571912,0.44982247662371155,Bacillus,2016-2020,467,Bacillus paranthracis,2
1.3617552250115101,-0.02169960243826622,0.0681914732161153,-0.20560947880692454,0.4156223913151869,Bacillus,2016-2020,351,Bacillus paranthracis,2
0.3561259685188761,-1.653856452181796,-0.10839433200628411,-0.2507347840815519,0.3394614505035196,Bacillus,2016-2020,147,Bacillus paranthracis,0
0.275793166992615,-1.7823331072000186,-0.12210567523571685,-0.2545254668280004,0.3335094289877665,Bacillus,2016-2020,135,Bacillus paranthracis,0
0.5515957648512195,-1.3399985208816596,-0.07477375078169136,-0.2416323289152261,0.3540302371513691,Bacillus,2016-2020,179,Bacillus paranthracis,0
0.9775717909021914,-0.6501440628897909,-0.000287176951295246,-0.22236993585546863,0.3861865492673662,Bacillus,2016-2020,262,Bacillus paranthracis,0
1.0866742237687876,-0.4722403574701128,0.019042587295895617,-0.2175550460676256,0.3945067438326933,Bacillus,2016-2020,286,Bacillus paranthracis,2
0.8386083241288405,-0.8760438672762192,-0.02476325386122476,-0.22857054060557955,0.37563732250073417,Bacillus,2016-2020,233,Bacillus paranthracis,0
0.9542109792772944,-0.6881749095369267,-0.004413269307641072,-0.22340689982055445,0.38440930875324153,Bacillus,2016-2020,257,Bacillus paranthracis,0
1.5733381193238,0.326616598946638,0.10636316331349566,-0.19659465531372575,0.43198681047246834,Bacillus,2016-2020,405,Bacillus paranthracis,2
1.2798377838193842,-0.1561531997341917,0.05349609740853822,-0.2091389502613187,0.40931451925225704,Bacillus,2016-2020,331,Bacillus paranthracis,2
0.2963048912397944,-1.7495569892274911,-0.1186105819207664,-0.25355480490832444,0.3350272185051308,Bacillus,2016-2020,138,Bacillus paranthracis,0
1.9057629264187794,0.8765987044227123,0.16690204421735197,-0.18269771831235113,0.4578866469390336,Bacillus,2016-2020,496,Bacillus paranthracis,2
0.6738363530861614,-1.1428400887747172,-0.05356576220082952,-0.2360259909900887,0.3632021586243843,Bacillus,2016-2020,201,Bacillus paranthracis,0
1.1784855935069265,-0.32217529261182565,0.035382746153141444,-0.2135380227583127,0.4015329978288258,Bacillus,2016-2020,307,Bacillus paranthracis,2
1.8419714858096254,0.7708203110026973,0.15523540346621406,-0.18534124825622575,0.45290003300693255,Bacillus,2016-2020,478,Bacillus paranthracis,2
1.2084171030421815,-0.27318425270980007,0.04072395028937809,-0.21223508428615312,0.40382835629426433,Bacillus,2016-2020,314,Bacillus paranthracis,2
1.304641283379095,-0.11546717247190011,0.057940537054067896,-0.2080678617954536,0.41122274636309625,Bacillus,2016-2020,337,Bacillus paranthracis,2
2.0446414650594273,1.107246243944898,0.19237585767923637,-0.17697773727120417,0.4687678244367272,Bacillus,2016-2020,536,Bacillus paranthracis,2
0.6684556169033746,-1.1515325466915118,-0.054502192474859934,-0.23627140030450655,0.36279746177823496,Bacillus,2016-2020,200,Bacillus paranthracis,0
0.7527744264766041,-1.0151712942939748,-0.039797578471975195,-0.23243997491766702,0.36914938278999254,Bacillus,2016-2020,216,Bacillus paranthracis,0
0.3298444276483494,-1.6959215130211225,-0.11288692239407089,-0.25197173032356796,0.3375119214788373,Bacillus,2016-2020,143,Bacillus paranthracis,0
1.099985881035,-0.45050239805159575,0.021407618557141756,-0.2169706833282712,0.3955240996313184,Bacillus,2016-2020,289,Bacillus paranthracis,2
1.1525713250166627,-0.3645641989729819,0.030763969543501583,-0.21466870638190808,0.39954756779361855,Bacillus,2016-2020,301,Bacillus paranthracis,2
0.9589017952264846,-0.6805401430205305,-0.00358512312015199,-0.22319850622021678,0.3847660533582457,Bacillus,2016-2020,258,Bacillus paranthracis,0
0.7005112710771848,-1.0997285072356895,-0.04891951553811412,-0.23481121804404234,0.3652097429085714,Bacillus,2016-2020,206,Bacillus paranthracis,0
2.088996834704855,1.1810106666462774,0.2005324004117955,-0.17516060045961715,0.47224998317313865,Bacillus,2016-2020,549,Bacillus paranthracis,2
0.30307623299833464,-1.7387326449168847,-0.11745589387260935,-0.25323478659436754,0.3355285680520693,Bacillus,2016-2020,139,Bacillus paranthracis,0
1.7482371758382915,0.6155900136794233,0.13813386053047538,-0.18924504732149447,0.4455865570938303,Bacillus,2016-2020,452,Bacillus paranthracis,2
0.8237175553544956,-0.9002027046181369,-0.027376129204842007,-0.2292396260958251,0.3745102120781024,Bacillus,2016-2020,230,Bacillus paranthracis,0
1.2380371974364932,-0.22467063193608786,0.046016277320074024,-0.21094885391046042,0.4061020701503589,Bacillus,2016-2020,321,Bacillus paranthracis,2
1.5733381193238,0.326616598946638,0.10636316331349566,-0.19659465531372575,0.43198681047246834,Bacillus,2016-2020,405,Bacillus paranthracis,2
1.6111974971642795,0.3890919089154275,0.11322440440383555,-0.19499620603486068,0.43492532967171155,Bacillus,2016-2020,415,Bacillus paranthracis,2
2.6259698845929846,2.0773933806757134,0.2999771736875973,-0.15349184084918308,0.514639581355286,Bacillus,2016-2020,714,Bacillus paranthracis,2
0.5630660365342789,-1.3215269708167414,-0.07278964304461141,-0.2411034816685899,0.3548888952573498,Bacillus,2016-2020,181,Bacillus paranthracis,0
0.726818243532324,-1.057181009499641,-0.04433101851703841,-0.2336161861725292,0.3671917534927772,Bacillus,2016-2020,211,Bacillus paranthracis,0
1.6561492319024875,0.4633271483955806,0.12138263248830516,-0.19310379411495568,0.438418224227603,Bacillus,2016-2020,427,Bacillus paranthracis,2
-0.21570551428475496,-2.5619951762049404,-0.2046701723029852,-0.2783419841066223,0.2975361629285415,Bacillus,2016-2020,76,Bacillus paranthracis,0
0.43230035301956565,-1.5317549137539184,-0.09533565899457276,-0.24716720941071718,0.34512444525026126,Bacillus,2016-2020,159,Bacillus paranthracis,0
0.24796448438856378,-1.8267700342741056,-0.12684109199850543,-0.25584542057329135,0.3314523673674609,Bacillus,2016-2020,131,Bacillus paranthracis,0
1.678437456020793,0.5001570991515519,0.12543229562155236,-0.19216765562162091,0.44015162954218345,Bacillus,2016-2020,433,Bacillus paranthracis,2
1.5274001466550673,0.250869394275343,0.09805014360498196,-0.1985399810336233,0.4284253683993886,Bacillus,2016-2020,393,Bacillus paranthracis,2
0.7885539830944337,-0.9572148279453044,-0.03353851397224981,-0.23082327605960373,0.37185120413371137,Bacillus,2016-2020,223,Bacillus paranthracis,0
1.2169111617708466,-0.2592754255428696,0.042240936632671734,-0.2118659173074622,0.40448015558622785,Bacillus,2016-2020,316,Bacillus paranthracis,2
0.7110772252157314,-1.082643333223368,-0.047077341889182854,-0.23433088939134689,0.3660055472948689,Bacillus,2016-2020,208,Bacillus paranthracis,0
1.3939386308585722,0.031187185755868284,0.07397803119339111,-0.20422900005277583,0.4181049796259659,Bacillus,2016-2020,359,Bacillus paranthracis,2
1.5619065626756112,0.3077609528141079,0.10429321685787574,-0.19707814658485845,0.43110012925595037,Bacillus,2016-2020,402,Bacillus paranthracis,2
1.500335111239183,0.20627284068910087,0.09315883717647352,-0.19968912696390054,0.4263292414559649,Bacillus,2016-2020,386,Bacillus paranthracis,2
2.286102578359361,1.5093497227886636,0.2368914540345004,-0.16713890158988012,0.48776175173037994,Bacillus,2016-2020,608,Bacillus paranthracis,2
1.2084171030421815,-0.27318425270980007,0.04072395028937809,-0.21223508428615312,0.40382835629426433,Bacillus,2016-2020,314,Bacillus paranthracis,2
1.8881286692130639,0.8473470282769328,0.16367474375623384,-0.18342744023593308,0.45650742507266995,Bacillus,2016-2020,491,Bacillus paranthracis,2
1.2296052927907906,-0.23848417295855187,0.04450904615972855,-0.21131468618804847,0.4054545908180504,Bacillus,2016-2020,319,Bacillus paranthracis,2
1.6710216030696563,0.48790122970816313,0.12408453540330594,-0.1924789745262344,0.4395747699040094,Bacillus,2016-2020,431,Bacillus paranthracis,2
1.068817932703718,-0.5013889769130441,0.015872353369971618,-0.21833995941849543,0.39314280367858634,Bacillus,2016-2020,282,Bacillus paranthracis,2
0.29329817020783167,-1.3845776557159968,11.79315190644989,3.8892157985736606,0.6089982157904866,Bacillus,2016-2020,286,Bacillus paranthracis,0
1.3778867271864053,0.004804806431031615,0.07109099876104932,-0.2049171041138566,0.4168664516791986,Bacillus,2016-2020,355,Bacillus paranthracis,2
0.8336563811205145,-0.8840789581075286,-0.02563238435920773,-0.2287929442379309,0.37526242851106284,Bacillus,2016-2020,232,Bacillus paranthracis,0
0.5342438611101128,-1.3679304339543656,-0.07777290520331366,-0.24243345962433338,0.3527320679140081,Bacillus,2016-2020,176,Bacillus paranthracis,0
2.2828145931701296,1.5038655846475033,0.23628348438339486,-0.16727203028308088,0.48750250952581503,Bacillus,2016-2020,607,Bacillus paranthracis,2
0.21235989556045498,-1.883571366588429,-0.13288886481253798,-0.2575392896908075,0.32882413491487034,Bacillus,2016-2020,126,Bacillus paranthracis,0
-0.04272973445531492,-2.288830277754591,-0.17586687449882452,-0.26984047799999156,0.31011152916649304,Bacillus,2016-2020,94,Bacillus paranthracis,0
-0.2915580387103148,-2.681386039422524,-0.21721875333339555,-0.2821086844380193,0.29204910856491456,Bacillus,2016-2020,69,Bacillus paranthracis,0
1.1044080374589822,-0.443279503597519,0.022193598201513082,-0.21677670389305836,0.3958621713148581,Bacillus,2016-2020,290,Bacillus paranthracis,2
0.9729181395333005,-0.6577218537515133,-0.0011094900983349648,-0.22257633549561892,0.3858323877507101,Bacillus,2016-2020,261,Bacillus paranthracis,0
2.065158025445326,1.1413601220262133,0.19614745534986916,-0.17613665237243226,0.47037809197046376,Bacillus,2016-2020,542,Bacillus paranthracis,2
1.777289126038405,0.6636760820986943,0.1434289315245288,-0.1880325779418179,0.4478514965968118,Bacillus,2016-2020,460,Bacillus paranthracis,2
1.707968196705488,0.5489771836983025,0.1308025135496177,-0.19092949809595505,0.44244984691651384,Bacillus,2016-2020,441,Bacillus paranthracis,2
0.1608524784039719,-1.9656396389522297,-0.14161644223411105,-0.2599998223146337,0.3250291637771321,Bacillus,2016-2020,119,Bacillus paranthracis,0
0.3561259685188761,-1.653856452181796,-0.10839433200628411,-0.2507347840815519,0.3394614505035196,Bacillus,2016-2020,147,Bacillus paranthracis,0
1.9338455354235395,0.9231987114156762,0.17204497555703038,-0.1815372561862469,0.4600842133161261,Bacillus,2016-2020,504,Bacillus paranthracis,2
0.7424330001085955,-1.0319122530180873,-0.041604512127423283,-0.23290825716941266,0.36836918399006907,Bacillus,2016-2020,214,Bacillus paranthracis,0
1.1784855935069265,-0.32217529261182565,0.035382746153141444,-0.2135380227583127,0.4015329978288258,Bacillus,2016-2020,307,Bacillus paranthracis,2
0.9353522570420688,-0.7188603194326293,-0.00774083641252551,-0.22424559577377834,0.38297569558642686,Bacillus,2016-2020,253,Bacillus paranthracis,0
1.5695314504853852,0.32033728593082805,0.10567378543224881,-0.19675561250755788,0.43169151766058317,Bacillus,2016-2020,404,Bacillus paranthracis,2
1.0732936759069196,-0.4940839305335773,0.016666743545236094,-0.21814310493657213,0.39348459985958856,Bacillus,2016-2020,283,Bacillus paranthracis,2
0.863197264982114,-0.8361302207629892,-0.02044440465390766,-0.22746768484872223,0.3774999229536585,Bacillus,2016-2020,238,Bacillus paranthracis,0
1.4258106215646904,0.08359655482168857,0.0797157120651261,-0.20286522939509408,0.4205659233274007,Bacillus,2016-2020,367,Bacillus paranthracis,2
-0.22619883435747648,-2.578525548928216,-0.2064090308135401,-0.27886169461451904,0.29677612086474775,Bacillus,2016-2020,75,Bacillus paranthracis,0
1.6299894451457972,0.42011839831969483,0.11663340628788707,-0.19420437149497385,0.43638501572009125,Bacillus,2016-2020,420,Bacillus paranthracis,2
2.1161162780654137,1.2261340797238547,0.205524161359751,-0.17405181425539704,0.4743806056500752,Bacillus,2016-2020,557,Bacillus paranthracis,2
1.2963958777556137,-0.1289947986851143,0.0564625772142008,-0.20842368799676414,0.41058822946564827,Bacillus,2016-2020,335,Bacillus paranthracis,2
-0.2803632982722467,-2.6637803448687465,-0.21536980577218756,-0.2815513412090784,0.29285790217543106,Bacillus,2016-2020,70,Bacillus paranthracis,0
2.1632656420268312,1.3046253212806869,0.21421114108403877,-0.17212805243035614,0.4780876722313334,Bacillus,2016-2020,571,Bacillus paranthracis,2
1.1438784143891647,-0.3787778786911297,0.02921577307594492,-0.21504854219544836,0.3988819474920069,Bacillus,2016-2020,299,Bacillus paranthracis,2
0.5458315478116739,-1.349278879231953,-0.07577036899087443,-0.2418983128077731,0.3535988868377284,Bacillus,2016-2020,178,Bacillus paranthracis,0
-0.3259295264997487,-2.735410052436155,-0.22288915875222212,-0.28382295267552227,0.2895680095354816,Bacillus,2016-2020,66,Bacillus paranthracis,0
0.7372418912937179,-1.0403140001736217,-0.04251118008210522,-0.23314349256503455,0.36797766701143325,Bacillus,2016-2020,213,Bacillus paranthracis,0
0.8137314678376708,-0.916398906385108,-0.02912729185802149,-0.22968884364896286,0.37375471076268574,Bacillus,2016-2020,228,Bacillus paranthracis,0
-0.10674846106978123,-2.390079179670946,-0.1865581219943001,-0.27297226946087366,0.30544697151867006,Bacillus,2016-2020,87,Bacillus paranthracis,0
0.8435487530437864,-0.8680264282790763,-0.02389593051865382,-0.22834875472926391,0.3760114162144382,Bacillus,2016-2020,234,Bacillus paranthracis,0
1.7226556396482313,0.573267758334112,0.13347539168337208,-0.19031460030680908,0.4435935393348473,Bacillus,2016-2020,445,Bacillus paranthracis,2
2.071979688106271,1.1527050601335842,0.19740195644963787,-0.17585721306319793,0.4709136529849798,Bacillus,2016-2020,544,Bacillus paranthracis,2
1.0327238190758967,-0.5602711277415169,0.009472003538002738,-0.2199302561110297,0.3903884053912056,Bacillus,2016-2020,274,Bacillus paranthracis,2
0.49899033074185933,-1.4246370200897773,-0.08385749393467715,-0.2440652148654308,0.35009752147971224,Bacillus,2016-2020,170,Bacillus paranthracis,0
1.1698745554774295,-0.33626345645347505,0.033847399721075234,-0.21391346592973146,0.40087306800325956,Bacillus,2016-2020,305,Bacillus paranthracis,2
1.5657209379532544,0.31405208028918813,0.10498380427711218,-0.19691677592387874,0.4313959576964695,Bacillus,2016-2020,403,Bacillus paranthracis,2
2.078792860381757,1.1640369819424778,0.19865512496979953,-0.17557822928152356,0.4714486238834344,Bacillus,2016-2020,546,Bacillus paranthracis,2
1.6262382379251903,0.41392411147553637,0.11595273319645505,-0.19436235305294658,0.4360935777145184,Bacillus,2016-2020,419,Bacillus paranthracis,2
1.2631881663379527,-0.18345191217287662,0.05051525283575239,-0.20985912296220466,0.40803444778303327,Bacillus,2016-2020,327,Bacillus paranthracis,2
1.6449588709425442,0.4448412705244343,0.11935054208256976,-0.19357434471527066,0.437548307085021,Bacillus,2016-2020,424,Bacillus paranthracis,2
2.2000456253154517,1.365889299726929,0.2209948845746143,-0.1706307938359567,0.4809818831139092,Bacillus,2016-2020,582,Bacillus paranthracis,2
0.5515957648512195,-1.3399985208816596,-0.07477375078169136,-0.2416323289152261,0.3540302371513691,Bacillus,2016-2020,179,Bacillus paranthracis,0
0.9868518180359027,-0.6350302963943406,0.0013531683930050797,-0.22195859997037304,0.3868929765360955,Bacillus,2016-2020,264,Bacillus paranthracis,0
1.2041605629427932,-0.280153246852278,0.039963964392619435,-0.21242017804702326,0.4035017956138055,Bacillus,2016-2020,313,Bacillus paranthracis,2
1.1784855935069265,-0.32217529261182565,0.035382746153141444,-0.2135380227583127,0.4015329978288258,Bacillus,2016-2020,307,Bacillus paranthracis,2
1.064334317459711,-0.5087060916294833,0.015076727665284622,-0.2185372362524494,0.39280046035897215,Bacillus,2016-2020,281,Bacillus paranthracis,2
1.50421400184754,0.21266287425095284,0.09385955038027757,-0.19952429491576446,0.4266295539723891,Bacillus,2016-2020,387,Bacillus paranthracis,2
